Vessel_ID,Date,Is_Ballast,STW_Kts,Is_Valid_ML_Training_Day,Degradation_Root_Cause,AI_Predicted_Fouling_Pct,CP_Fuel_MT,Normal_Fuel_MT_Day,Extra_Fuel_MT_Day,Total_Fuel_MT_Day,Normal_CO2_MT_Day,Extra_CO2_MT_Day,Total_CO2_MT_Day,Cumulative_Extra_Fuel_MT,Cumulative_Extra_CO2_MT,Daily_AER_Score,CII_Daily_Rating,Data_Confidence_Pct,True_Wind_Speed_At_Structure_Kts,Wave_Height_M,Current_Speed_Kts,Fuel_Consumed_MT,True_Wind_Dir_Deg,Wave_Dir_Deg,Speed_Over_Ground_Knots,Is_Good_Weather_CPA,ME_Fuel_Consumed_MT,Main_Engine_RPM,Wave_Encounter_Angle,Wind_Encounter_Angle
Ship_A2_Sister,2024-01-01,False,13.602214995797755,1,Indeterminate_or_Learning,0.003114706138148904,24.0,34.89719893263349,0.10869451971967692,35.00589345235317,108.66987747622069,0.33847473440707393,109.00835221062776,0.10869451971967692,0.33847473440707393,6.1494322222970785,C,54.285714285714285,7.710305686712672,1.1199999749660492,0.55437464,32.0,323.7300362344099,35.39000323228538,13.42922110900238,1,30.98170779261914,110.0190017390841,2.7984781393424782,74.45844513721795
Ship_A2_Sister,2024-01-02,False,12.901337137225225,1,Indeterminate_or_Learning,0.003114706138148904,24.0,29.33904439585763,0.09138250166720097,29.430426897524832,91.36178424870066,0.2845651101916638,91.64634935889232,0.20007702138687788,0.6230398445987377,5.2674859520808806,C,54.285714285714285,8.20152826814376,1.1599999740719795,0.914277,29.53061330563685,348.35824239704294,21.850003534927964,13.180681102184618,1,27.03061330563685,107.2200480251926,16.338477836699894,49.83023897458492
Ship_A2_Sister,2024-01-03,False,12.8703034248494,0,Indeterminate_or_Learning,0.003114706138148904,24.0,31.18451954653496,0.09713061444681692,31.281650160981776,97.10859386790986,0.3024647333873879,97.41105860129724,0.2972076358336948,0.9255045779861256,5.699312986027753,C,54.285714285714285,15.863546771082328,1.81999995931983,0.14984335,26.18295163121988,30.676217394902267,37.49000318534672,12.94827230879419,0,23.68295163121988,103.34999438714732,4.247859307606063,2.5659264828383925
Ship_A2_Sister,2024-01-04,False,13.283535562320376,0,Indeterminate_or_Learning,0.003114706138148904,24.0,33.496963325692185,0.10433319727988218,33.60129652297207,104.30954379620546,0.32489357632955307,104.63443737253502,0.40154083311357697,1.2503981543156786,6.001722130340097,C,54.285714285714285,13.790369347590454,1.2099999729543924,0.11564677,28.364839737605028,11.3099324740202,54.52000280469656,13.207627984023231,1,25.864839737605028,104.68595031524026,17.936302593444793,25.27376773723157
Ship_A2_Sister,2024-01-05,False,13.264393023808871,1,Indeterminate_or_Learning,0.003114706138148904,24.0,31.855663743223907,0.09922103139582698,31.954884774619735,99.19853689639925,0.30897429176660524,99.50751118816585,0.500761864509404,1.559372446082284,5.589521759046569,C,54.285714285714285,12.175549789317795,1.0499999765306711,0.29394978,32.0,34.19056965043791,78.89000225998461,13.486749210850482,1,30.332762966478995,109.87131173128832,43.21178644006494,1.4876461694817635
Ship_A2_Sister,2024-01-13,False,13.21656248672667,1,Indeterminate_or_Learning,0.003114706138148904,24.0,29.40294808038125,0.09158154286563701,29.494529623246887,91.56078032230721,0.2851849244835936,91.8459652467908,0.592343407375041,1.8445573705658775,5.229938667289129,C,54.285714285714285,16.212931830402482,1.2499999720603228,0.67367965,29.24405102389496,52.23136279864342,72.1200024113059,13.304224222992712,1,26.74405102389496,106.95835694543578,147.06430427483076,166.95294388749323
Ship_A2_Sister,2024-01-14,False,13.869333379610698,1,Indeterminate_or_Learning,0.003114706138148904,24.0,34.466092390487695,0.10735174952665925,34.57344414001435,107.32741170397868,0.3342933480260169,107.66170505200469,0.6996951569017003,2.1788507185918946,5.860315043581293,C,54.285714285714285,16.61020389212111,1.5199999660253525,0.31405908,32.0,41.74917142885073,63.0500026140362,13.917664350827629,0,29.944381205151743,110.52354915130609,152.51555866416032,173.8163898493458
Ship_A2_Sister,2024-01-15,False,13.54155495207484,1,Indeterminate_or_Learning,0.003114706138148904,24.0,33.570203410627954,0.10456131862199015,33.674764729249944,104.53761342069545,0.32560394618887734,104.86321736688431,0.8042564755236904,2.5044546647807717,5.768041479981072,C,54.285714285714285,14.962652091209312,1.579999964684248,0.4099856,32.0,355.43532347398,35.92000322043896,13.772756595850524,0,29.94067860772514,110.84196384572894,177.47860549964048,136.99392575318154
Ship_A2_Sister,2024-01-16,True,14.23870769039529,1,Indeterminate_or_Learning,0.003114706138148904,24.0,30.095685769025582,0.0937392171965846,30.189424986222168,93.71796548474566,0.29190392235016444,94.00986940709582,0.897995692720275,2.7963585871309364,11.19165111989236,E,54.285714285714285,10.0241433914736,0.9699999783188104,0.35356802,32.0,25.518669269979824,32.83000328950584,14.0,1,29.990960377117645,109.77055786856552,179.48051411349894,172.16918009397293
Ship_A2_Sister,2024-01-17,True,13.61390986159734,1,Indeterminate_or_Learning,0.003114706138148904,24.0,26.11818275562168,0.0813504641462297,26.19953321976791,81.3320211010059,0.2533253453513593,81.58534644635728,0.9793461568665047,3.0496839324822957,9.712541243613963,E,54.285714285714285,9.182057454654002,1.0099999774247408,0.8574228,32.0,6.142718152354547,28.940003376454115,14.0,1,30.1215599307479,110.07502919738371,171.53309374184136,148.7358085177418
Ship_A2_Sister,2024-01-18,True,14.06692506104949,1,Indeterminate_or_Learning,0.003114706138148904,24.0,34.038059620012014,0.10601855322912976,34.14407817324114,105.9945176567174,0.33014177475551004,106.32465943147291,1.0853647100956345,3.3798257072378055,12.657697551365823,E,54.285714285714285,18.46749747867465,1.409999968484044,0.30339912,30.40716243333241,312.7093899573615,308.04999713785946,14.0,0,27.90716243333241,107.81638492781852,94.28564161796746,98.9450344374695
Ship_A2_Sister,2024-01-19,True,14.090637592813785,1,Indeterminate_or_Learning,0.003114706138148904,24.0,33.504003695762485,0.10435512596375497,33.60835882172624,104.33146750860438,0.324961862251133,104.6564293708555,1.1897198360593895,3.7047875694889387,12.459098734625655,E,54.285714285714285,14.846617201757867,1.4699999671429396,1.0168293,31.89416825934536,235.6745559943037,222.23999905586243,14.0,0,29.39416825934536,109.65152770297198,4.382650029398718,17.817206967840008
Ship_A2_Sister,2024-01-20,True,13.676621996322286,1,Indeterminate_or_Learning,0.003114706138148904,24.0,33.21755814398558,0.10346293224539,33.32102107623097,103.43947606037108,0.32218357101214445,103.76165963138324,1.2931827683047794,4.026971140501083,12.352578527545624,E,54.285714285714285,15.8162366424137,2.199999950826168,0.8601475,32.0,183.7844799094879,190.4699997659773,14.0,0,30.26204358414418,110.44182996874332,20.65063901960352,27.336158876092867
Ship_A2_Sister,2024-01-21,True,13.6457695582936,0,Indeterminate_or_Learning,0.003114706138148904,24.0,33.19773539523068,0.10340119020816813,33.30113658543885,103.37774802074833,0.3219913063082355,103.69973932705656,1.3965839585129476,4.348962446809319,12.345207062744828,E,54.285714285714285,20.8521875934826,3.05999993160367,1.0164509,32.0,156.45434559913892,149.64000067859888,14.0,0,29.939704261928647,109.89230848207876,64.89829137924022,58.08394645870018
Ship_A2_Sister,2024-01-29,True,14.106443994297782,1,Indeterminate_or_Learning,0.003114706138148904,24.0,29.669194859083003,0.09241082334152173,29.761605682424523,92.38987279118447,0.28776730388549865,92.67764009506996,1.4889947818544693,4.636729750694817,11.033052392270234,E,54.285714285714285,5.219213482265426,1.099999975413084,0.77178055,32.0,179.3259631020155,167.93000026978552,14.0,1,29.693464087858068,109.72484742307728,134.55843920299333,145.9544020352233
Ship_A2_Sister,2024-01-30,True,13.074490195385376,1,Indeterminate_or_Learning,0.003114706138148904,24.0,22.48902325239741,0.07004669876521563,22.559069951162623,70.03081840796553,0.21812541995488147,70.2489438279204,1.5590414806196848,4.8548551706496985,8.464613171912259,E,54.285714285714285,3.049777081573119,0.7999999821186066,0.8866392,26.11903647160233,244.9831065219,197.17999961599708,13.83188701818536,1,23.61903647160233,102.74407352861172,162.1731262087809,150.0237668853162
Ship_A2_Sister,2024-01-31,False,13.554688888538225,1,Indeterminate_or_Learning,0.003114706138148904,24.0,32.637763276349666,0.10165704161229719,32.739420317961965,101.63399484255285,0.31656002758069346,101.95055487013356,1.660698522231982,5.171415198230392,5.659310675843635,C,54.285714285714285,2.418249744305761,0.5999999865889549,0.72229373,31.7318624565524,255.49983323344745,100.21000178344548,13.64746932354916,1,29.2318624565524,109.98722296450428,62.41088341898194,142.29928513101612
Ship_A2_Sister,2024-02-01,False,13.10533928627902,1,Indeterminate_or_Learning,0.003114706138148904,24.0,29.017276377279945,0.09038028884467703,29.107656666124623,90.35979863884974,0.28144421946232423,90.64124285831207,1.751078811076659,5.452859417692716,5.146468934619493,C,54.285714285714285,4.298634528603108,0.7499999832361937,0.3178971,28.577911402167544,168.90110075035767,139.51000090502205,13.342664475069055,1,26.077911402167544,107.45679686214346,106.51900555694756,135.9101054022832
Ship_A2_Sister,2024-02-02,False,13.907073076779373,1,Indeterminate_or_Learning,0.003114706138148904,24.0,37.130587330588085,0.11565086827165663,37.24623819885974,115.62464894745129,0.3601368037979387,115.98478575124923,1.8667296793483157,5.812996221490655,6.503147348529153,D,54.285714285714285,9.834312185222634,0.8299999814480543,0.5343506,32.0,355.8808720207388,111.78000152483582,13.511497929173927,1,29.81181713387342,109.50346263595692,74.39107479784798,41.50805470624903
Ship_A2_Sister,2024-02-03,False,14.530102959812616,0,Indeterminate_or_Learning,0.003114706138148904,24.0,44.27773136396867,0.13791212166266145,44.41564348563133,137.88085546739842,0.42945834685752776,138.31031381425595,2.004641801010977,6.242454568348183,7.484324340598266,D,54.285714285714285,12.52738020900268,0.8899999801069498,0.9654637,31.85651932584084,69.93014150383705,80.87000221572816,14.0,1,29.35651932584084,109.81469283395694,43.149901633447655,32.21004092155654
Ship_A2_Sister,2024-02-04,False,13.185348830058654,1,Indeterminate_or_Learning,0.003114706138148904,24.0,31.80677329292101,0.09906875201017169,31.905842044931184,99.04629203415602,0.30850009375967463,99.3547921279157,2.103710553021149,6.550954662107857,5.5440737028171005,C,54.285714285714285,13.3759759581306,1.0699999760836365,0.66125417,31.237864594771978,49.77379511601652,70.53000244684517,13.57643962720796,1,28.737864594771978,109.83969708752298,34.9303863763663,14.174179045537642
Ship_A2_Sister,2024-02-05,False,13.686088540397066,1,Indeterminate_or_Learning,0.003114706138148904,24.0,35.29496462533078,0.1099334429642662,35.40489806829505,109.90851984328003,0.34233274139072495,110.25085258467077,2.2136439959854153,6.893287403498582,6.178415663082825,C,54.285714285714285,13.2391008870553,0.6999999843537807,0.57169485,31.203304943198145,42.83775598707891,98.45000182278454,13.51857461926246,1,28.703304943198145,108.57572868968496,63.07239827563586,7.460152439930226
Ship_A2_Sister,2024-02-06,False,13.655027570044313,0,Indeterminate_or_Learning,0.003114706138148904,24.0,34.09990300552064,0.10621117720157738,34.20611418272222,106.18709795919126,0.33074160580571194,106.51783956499698,2.3198551731869923,7.224029009304294,6.228386430993989,C,54.285714285714285,7.878743473366745,0.6199999861419201,0.9604379,27.483397688423832,35.196432395654966,186.92999984510243,12.956057543608033,1,24.983397688423832,105.72840120660018,153.75760582003653,2.024038370589068
Ship_A2_Sister,2024-02-13,False,14.102776941281798,0,Indeterminate_or_Learning,0.003114706138148904,24.0,38.27327935555232,0.11921001813582653,38.39248937368814,119.18299191318991,0.3712199964749638,119.55421190966487,2.439065191322819,7.595249005779258,6.469383761345502,C,54.285714285714285,9.578926161004343,0.8399999812245369,0.35178098,32.0,78.45330945407268,78.59000226669014,14.0,1,29.61758430824569,110.17325194086536,136.6238566341623,136.76054944677975
Ship_A2_Sister,2024-02-14,False,13.398489070714938,1,Indeterminate_or_Learning,0.003114706138148904,24.0,31.942995987105512,0.09949304567190334,32.04248903277742,99.47048950384657,0.309821344222307,99.78031084806888,2.538558236994722,7.905070350001565,5.615198957891165,C,54.285714285714285,14.208244926986517,1.1299999747425318,0.2693297,28.905209585913205,68.06256807976543,77.30000229552388,13.461881787045218,1,26.405209585913205,1077.8478488796566,136.5005410130221,145.73797522878056
Ship_A2_Sister,2024-02-15,True,14.26853644957316,1,Indeterminate_or_Learning,0.003114706138148904,24.0,30.278172964754027,0.09430761118525356,30.37248057593928,94.28623061224404,0.2936739012308796,94.57990451347492,2.632865848179976,8.198744251232444,11.259512442080347,E,54.285714285714285,17.172688172935693,1.6099999640136955,0.45654064,31.29945788595354,54.01780859235453,72.57000240124762,14.0,0,28.79945788595354,108.04576978395696,143.9069931834939,162.459186992387
Ship_A2_Sister,2024-02-16,True,13.638387686224585,1,Indeterminate_or_Learning,0.003114706138148904,24.0,25.52901924629955,0.07951539294737071,25.608534639246923,79.4973659329768,0.2476109336381124,79.74497686661492,2.7123812411273467,8.446355184870557,9.493449626977966,E,54.285714285714285,14.269266764567949,1.6899999622255564,0.9751141,31.585213766618203,45.581073176010165,59.580002691596746,14.0,0,29.085213766618203,110.03841094553012,155.47315106092606,169.47208057651264
Ship_A2_Sister,2024-02-17,True,13.491908158863264,1,Indeterminate_or_Learning,0.003114706138148904,24.0,24.69689994254632,0.07692358584429833,24.77382352839062,76.90614642108923,0.239540046319145,77.14568646740838,2.789304826971645,8.685895231189702,9.184010293739094,E,54.285714285714285,11.913813292415927,1.1599999740719795,0.5992917,29.043370902161,23.92250588301325,45.92000299692154,14.0,1,26.543370902161,106.85427561558284,171.14890814954313,166.8535947365486
Ship_A2_Sister,2024-02-18,True,13.946975892538337,1,Indeterminate_or_Learning,0.003114706138148904,24.0,29.60704431343572,0.09221724265550484,29.699261556091223,92.19633599203883,0.28716449362924207,92.48350048566806,2.8815220696271497,8.973059724818944,11.019781291670123,E,54.285714285714285,10.304570155900086,1.0399999767541883,0.27426112,29.61743643875384,319.188831643428,56.850002752617,13.987497881888778,1,27.11743643875384,107.15419891949522,158.4444252249009,103.89440366591008
Ship_A2_Sister,2024-02-19,True,14.16634556511167,1,Indeterminate_or_Learning,0.003114706138148904,24.0,32.024341541331644,0.0997464131689626,32.12408795450061,99.72379955970673,0.3106103306081495,100.03440989031489,2.9812684827961125,9.283670055427093,11.908858320275582,E,54.285714285714285,11.065913331356889,0.8599999807775021,0.23175684,32.0,282.3908566606809,299.27999733388424,14.0,1,30.684903128313287,109.4397393315416,82.86003705559781,65.9708963823945
Ship_A2_Sister,2024-02-20,True,13.40368971895239,1,Indeterminate_or_Learning,0.003114706138148904,24.0,28.271421403167945,0.08805716977864149,28.359478572946585,88.03720624946497,0.2742100266906896,88.31141627615567,3.069325652574754,9.557880082117784,10.513263842399484,E,54.285714285714285,12.565881966066136,1.2999999709427357,0.99991447,32.0,295.06200825579447,197.36999961175025,14.0,0,30.472136409255263,109.22170905067011,20.37761822600536,77.31439041803887
Ship_A2_Sister,2024-02-21,True,13.176468976106342,1,Indeterminate_or_Learning,0.003114706138148904,24.0,28.87938362331577,0.08995079343749857,28.96933441675327,89.93040060300531,0.2801067707643705,90.21050737376967,3.159276446012252,9.837986852882153,10.939489089856087,E,54.285714285714285,17.357603485474584,1.7299999613314867,1.4403038,26.29692717619393,158.33662212892554,152.1600006222725,13.743863574247356,0,23.79692717619393,102.74333014416108,61.02698163729568,54.85036013064263
Ship_A2_Sister,2024-03-01,False,13.354400396970744,1,Indeterminate_or_Learning,0.003114706138148904,24.0,31.13655323404103,0.0969812134788677,31.233534447519897,96.95922677080377,0.30199949877319404,97.26122626957695,3.25625765949112,10.139986351655349,5.549268720049473,C,54.285714285714285,9.32670225120878,2.1199999526143074,0.5797812,30.210310748426,181.23997476631268,189.9299997780472,13.27792018932272,0,27.710310748426,109.2761197415763,153.35807723926484,144.66805222753032
Ship_A2_Sister,2024-03-02,False,14.18298396516345,0,Indeterminate_or_Learning,0.003114706138148904,24.0,38.64243102160243,0.12035981709598069,38.76279083869841,120.33253020126995,0.37480047043688386,120.70733067170684,3.376617476587101,10.514786822092232,6.5317819627547,D,54.285714285714285,7.810823794236737,1.0599999763071537,0.259924,32.0,37.017948426188354,198.32999959029257,14.0,1,29.730830186602624,110.11939457951324,163.0203789178043,1.7083277537000754
Ship_A2_Sister,2024-03-03,False,13.172542257152823,1,Indeterminate_or_Learning,0.003114706138148904,24.0,29.47037093800574,0.09179154525413155,29.562162483259872,91.77073510094986,0.28583887192136564,92.05657397287123,3.4684090218412322,10.800625694013597,5.397487677098697,C,54.285714285714285,1.1866813457962484,0.9899999778717756,0.4058761,27.32988968945922,221.5526131481348,136.68000096827743,12.920794439833502,1,24.82988968945922,105.04970537604603,100.61826696028686,174.50912085985578
Ship_A2_Sister,2024-03-04,False,13.150311603640835,0,Indeterminate_or_Learning,0.003114706138148904,24.0,31.434133903241147,0.09790808981581976,31.532041993056968,97.88589297469292,0.30488579168646274,98.1907787663794,3.5663171116570522,11.10551148570006,5.894147263382364,C,54.285714285714285,13.118988522547015,1.099999975413084,0.70045793,25.23470902364908,57.63021606257664,88.01000205613673,12.620477617351968,1,22.73470902364908,102.566529135479,50.06050271786364,19.68071672430355
Ship_A2_Sister,2024-03-05,False,13.785995665243572,1,Indeterminate_or_Learning,0.003114706138148904,24.0,36.96954564049893,0.11514927073103806,37.08469491122997,115.12316512451366,0.3585748290564525,115.48173995357011,3.6814663823880904,11.464086314756512,6.397055400436957,C,54.285714285714285,10.74104126146042,1.1299999747425318,1.5353266,32.0,116.565051177078,81.51000220142305,13.676005780021333,1,29.86994707557674,109.96419937029296,46.776872497590034,81.83192147324498
Ship_A2_Sister,2024-03-06,False,13.04731564482014,1,Indeterminate_or_Learning,0.003114706138148904,24.0,29.065607962899563,0.09053082753107293,29.156138790430635,90.51030319646924,0.2819129969317611,90.79221619340099,3.771997209919163,11.745999311688273,5.171897117255692,C,54.285714285714285,9.910645543081571,1.2099999729543924,0.3520126,32.0,39.29761660302492,94.70000190660356,13.299178310258956,1,29.911304913347507,109.41678673440964,56.65510043328072,1.252715129702068
Ship_A2_Sister,2024-03-07,False,13.388186026943252,0,Indeterminate_or_Learning,0.003114706138148904,24.0,32.9052837896385,0.10249028939711867,33.00777407903562,102.46705372093429,0.31915476118262753,102.78620848211692,3.874487499316282,12.065154072870902,5.948004344625673,C,54.285714285714285,12.736730391729935,0.9699999783188104,0.8280942,27.702405589097,57.29204963724439,145.4900007713586,13.091506873147717,1,25.202405589097,104.84772199191409,111.641177368746,23.4432262346318
Ship_A2_Sister,2024-03-08,False,13.59593854636882,1,Indeterminate_or_Learning,0.003114706138148904,24.0,34.26039146891362,0.10671105160360958,34.36710252051723,106.686859034197,0.33229821469364024,107.01915724889065,3.9811985509198915,12.397452287564542,5.882108687622975,C,54.285714285714285,10.427374793914945,1.0099999774247408,0.24771082,31.49474969818841,57.97110600968536,142.50000083819032,13.783342578919742,1,28.99474969818841,110.02597294290364,109.03551209833574,24.506617269830784
Ship_A2_Sister,2024-03-16,True,13.519720314057484,1,Indeterminate_or_Learning,0.003114706138148904,24.0,25.236683621695214,0.078604853383016,25.31528847507823,78.5870327979589,0.2447755134347118,78.8318083113936,4.059803404302907,12.642227800999253,9.57238211664591,E,54.285714285714285,7.993675240343071,0.8299999814480543,0.43914717,24.889141323840867,48.841680604022685,99.95000178925692,13.725564398143018,1,22.389141323840867,100.91863086914114,114.34493244351506,165.4532536287493
Ship_A2_Sister,2024-03-17,True,13.739472575393174,1,Indeterminate_or_Learning,0.003114706138148904,24.0,27.19584699125032,0.08470707155580577,27.280554062806125,84.6878675307535,0.2637778208247792,84.95164535157826,4.144510475858713,12.906005621824033,10.461293956354545,E,54.285714285714285,6.653983485271959,0.8099999818950891,0.57286847,24.438997036310592,90.88140399658214,127.88000116497278,13.534279428211612,1,21.938997036310592,102.33132906729588,87.21178041229382,124.21037758068448
Ship_A2_Sister,2024-03-18,True,13.369426440452512,1,Indeterminate_or_Learning,0.003114706138148904,24.0,24.727804708576087,0.0770198451087493,24.80482455368484,77.00238386250594,0.23983979766864533,77.24222366017459,4.221530320967463,13.145845419492678,9.272064497981063,E,54.285714285714285,8.335357965685613,0.8699999805539846,1.0491436,27.26470246552395,79.95941947404661,139.05000091530383,13.884398610649876,1,24.76470246552395,104.24593802535072,77.32643908899166,136.41702053024886
Ship_A2_Sister,2024-03-19,True,13.471427515662947,1,Indeterminate_or_Learning,0.003114706138148904,24.0,24.82745594113051,0.07733022941446066,24.90478617054497,77.3126978006804,0.2408063343966305,77.55350413507703,4.2988605503819235,13.386651753889309,9.2325600160806,E,54.285714285714285,6.7034472713371525,0.9199999794363976,1.0186726,30.96282780200093,48.96221067646792,143.9400008060038,14.0,1,28.46282780200093,110.0339527445844,73.56550204068407,168.54329217021996
Ship_A2_Sister,2024-03-20,True,14.665963535504542,0,Indeterminate_or_Learning,0.003114706138148904,24.0,35.83236043615717,0.11160727299486266,35.94396770915203,111.58197039819342,0.3475450481060023,111.9295154462994,4.410467823376786,13.73419680199531,13.324942315035644,E,54.285714285714285,11.424276519725137,1.1099999751895666,0.87833995,30.80877148928869,310.56789252314934,144.980000782758,14.0,1,28.30877148928869,107.7506453411914,69.41731177432527,96.17057996606609
Ship_A2_Sister,2024-03-21,True,13.309829114277766,1,Indeterminate_or_Learning,0.003114706138148904,24.0,25.744144231053,0.08018544405785147,25.82432967511085,80.16726513549904,0.24969747279614946,80.41696260829518,4.490653267434637,13.98389427479146,9.573447929558949,E,54.285714285714285,10.513570000478296,0.7799999825656414,0.93573415,31.42087361791266,136.89338584574625,128.13000115938485,14.0,1,28.92087361791266,109.4524476581884,88.01733974865184,79.25395506229043
Ship_A2_Sister,2024-03-22,True,14.057867741519727,1,Indeterminate_or_Learning,0.003114706138148904,24.0,32.64986473077982,0.1016947340866913,32.75155946486651,101.67167877164835,0.3166774019459567,101.98835617359431,4.592348001521328,14.300571676737416,12.141470973046943,E,54.285714285714285,15.068993770543567,1.4299999680370092,0.12037563,31.55245059278359,160.3095217286514,185.0299998875708,14.0,0,29.05245059278359,108.46093676825276,29.968413481633466,54.68889164055281
Ship_A2_Sister,2024-03-23,True,13.034193748345825,1,Indeterminate_or_Learning,0.003114706138148904,24.0,24.46733163812664,0.07620854803739792,24.543540186164037,76.19127072112636,0.23731341858845711,76.42858413971481,4.668556549558726,14.537885095325874,9.332381501362867,E,54.285714285714285,12.081490657450122,2.659999940544367,0.78829753,25.62766902066381,165.68128168260242,160.41000043787062,13.649353441840017,0,23.12766902066381,102.00226627138296,53.34826715908889,48.076985914357095
Ship_A2_Sister,2024-03-24,True,13.15557443967391,0,Indeterminate_or_Learning,0.003114706138148904,24.0,26.75272122442557,0.08332686500990479,26.836048089435476,83.30797389286123,0.25947985764084347,83.56745375050207,4.751883414568631,14.797364952966717,9.948506398869293,E,54.285714285714285,18.106291450323283,3.709999917075038,0.9963208,32.0,102.73250644708772,129.46000112965703,14.0,0,30.462070214986923,110.9570156769334,84.7165878857871,111.44408256835642
Ship_A_Supramax,2024-01-02,False,12.64488495909644,1,Indeterminate_or_Learning,0.0,24.0,27.62739880665349,0.0,27.62739880665349,86.03171988391895,0.0,86.03171988391895,0.0,0.0,5.042339801198203,C,57.55555555555555,9.045943201371957,1.169999973848462,0.9014248,27.762995192142427,349.71802153222006,21.280003547668457,12.925655139528224,1,25.262995192142427,106.01420801063136,16.642012481625272,48.20399449707367
Ship_A_Supramax,2024-01-03,False,13.92042539143221,0,Indeterminate_or_Learning,0.0,24.0,40.0969864784075,0.0,40.0969864784075,124.86201589376095,0.0,124.86201589376095,0.0,0.0,6.773407657542469,D,57.55555555555555,15.820605665269106,1.7999999597668648,0.11912334,32.0,35.39322781599145,37.580003183335066,13.965265500861983,0,29.660525976566795,109.87551792576046,3.367682028700244,1.18090666135663
Ship_A_Supramax,2024-01-04,False,13.68426247257937,1,Indeterminate_or_Learning,0.0,24.0,36.97415733766206,0.0,36.97415733766206,115.13752594947964,0.0,115.13752594947964,0.0,0.0,6.459182189954142,C,57.55555555555555,13.956615999341937,1.2099999729543924,0.27173546,31.826218168979203,11.342431494648936,54.65000280179083,13.504093224407836,1,29.326218168979203,110.48578547547716,19.351058823984204,23.95651248315769
Ship_A_Supramax,2024-01-05,False,12.880891917366224,1,Indeterminate_or_Learning,0.0,24.0,28.90839963104678,0.0,28.90839963104678,90.02075645107968,0.0,90.02075645107968,0.0,0.0,5.202981580669446,C,57.55555555555555,12.141829145033638,1.0599999763071537,0.3250899,28.130351967320827,33.26742306094164,77.84000228345394,13.10739653958082,1,25.630351967320827,106.19649416905332,41.61122335645166,2.961355866060643
Ship_A_Supramax,2024-01-06,False,13.526024994223436,1,Indeterminate_or_Learning,0.0,24.0,34.46275595174728,0.0,34.46275595174728,107.31702203374104,0.0,107.31702203374104,0.0,0.0,5.9409365408608785,C,57.55555555555555,13.753648027324116,1.1199999749660492,0.25436065,32.0,33.69006752597977,60.92000266164541,13.684841389705309,1,30.15769561291288,110.68431577876618,27.56928042822983,0.3393452925641895
Ship_A_Supramax,2024-01-13,False,13.948819833940483,1,Indeterminate_or_Learning,0.0,24.0,35.93419524957923,0.0,35.93419524957923,111.89908400718973,0.0,111.89908400718973,0.0,0.0,6.055145238484292,C,57.55555555555555,16.212931830402482,1.2499999720603228,0.6318866,31.94868812052708,52.23136279864342,72.13000241108239,14.0,1,29.44868812052708,109.86529658277772,142.62526361368867,162.52390322612763
Ship_A_Supramax,2024-01-14,False,12.984129710692104,1,Indeterminate_or_Learning,0.0,24.0,27.256260034944795,0.0,27.256260034944795,84.87599374881809,0.0,84.87599374881809,0.0,0.0,4.9442998256496695,B,57.55555555555555,16.734079391834534,1.529999965801835,0.3355069,30.28896421791006,43.24061457773803,63.90000259503722,13.00487380046926,0,27.78896421791006,108.00384732330276,150.98260661700908,171.64199463430828
Ship_A_Supramax,2024-01-15,False,13.902048403087914,1,Hull_Fouling_Suspected,0.0,24.0,36.431746738949656,0.0,36.431746738949656,113.44845934508922,0.0,113.44845934508922,0.0,0.0,6.1389858952970355,C,57.55555555555555,12.68004338992217,1.499999966472387,0.3471078,31.898370421728742,353.3274581894485,34.33000325597823,14.0,0,29.398370421728742,110.751178526048,178.61349161095814,137.61094654442843
Ship_A_Supramax,2024-01-16,True,13.56616737456491,1,Hull_Fouling_Suspected,0.0,24.0,25.33191517580112,0.0,25.33191517580112,78.88358385744469,0.0,78.88358385744469,0.0,0.0,9.844359991273228,E,57.55555555555555,10.024971896281745,0.959999978542328,0.3227459,23.936724548141125,25.518669269979824,32.20000330358744,13.35512312420055,1,21.436724548141125,101.45773256128292,175.7767516103729,169.0954175767653
Ship_A_Supramax,2024-01-17,True,13.864398861743066,1,Hull_Fouling_Suspected,0.0,24.0,27.72797775329479,0.0,27.72797775329479,86.34492272375998,0.0,86.34492272375998,0.0,0.0,10.279157467114283,E,57.55555555555555,9.271150224566629,0.979999978095293,0.4088453,31.424337793863288,6.465932098939533,30.64000333845616,14.0,1,28.924337793863288,110.7728499478104,175.89934332567333,151.7252720861567
Ship_A_Supramax,2024-01-18,True,14.021080791107067,1,Hull_Fouling_Suspected,0.0,24.0,34.04753178473565,0.0,34.04753178473565,106.0240139776668,0.0,106.0240139776668,0.0,0.0,12.621906425912714,E,57.55555555555555,19.04745489065158,1.479999966919422,0.38519433,32.0,315.17415076920656,310.29999708756804,14.0,0,29.80404247333069,109.30994927089256,92.62974899946704,97.50390268110556
Ship_A_Supramax,2024-01-19,True,14.327830018306084,1,Hull_Fouling_Suspected,0.0,24.0,35.37195533656692,0.0,35.37195533656692,110.14826891806939,0.0,110.14826891806939,0.0,0.0,13.112889156913022,E,57.55555555555555,13.842695885407696,1.499999966472387,1.1860682,32.0,242.52556837372288,240.75999864190817,14.0,0,29.909861250860743,109.14830878032242,26.32477019252284,28.090339924337545
Ship_A_Supramax,2024-01-20,True,13.556712110080358,1,Hull_Fouling_Suspected,0.0,24.0,32.699712067979725,0.0,32.699712067979725,101.82690337968886,0.0,101.82690337968886,0.0,0.0,12.197643863351566,E,57.55555555555555,15.883993473967978,2.289999948814512,0.8010768,29.05785302207717,182.73333597909823,189.30999979190528,13.91346620167535,0,26.55785302207717,107.0777693037672,25.169150376858795,31.745814189665825
Ship_A_Supramax,2024-01-21,True,13.838330730660353,0,Hull_Fouling_Suspected,0.0,24.0,34.507899221071824,0.0,34.507899221071824,107.45759817441765,0.0,107.45759817441765,0.0,0.0,12.792571211240197,E,57.55555555555555,20.654687215457745,3.0299999322742224,0.9774521,30.659922520862835,158.67305704694522,150.73000065423548,14.0,0,28.159922520862835,108.19927990184692,67.0849067364118,59.14185034370206
Ship_A_Supramax,2024-01-30,True,13.698900604825097,1,Indeterminate_or_Learning,0.0,24.0,26.761336510733464,0.0,26.761336510733464,83.334801894424,0.0,83.334801894424,0.0,0.0,9.920809749336192,E,57.55555555555555,2.672999616844075,0.789999982342124,0.49289435,31.991554065238425,241.66954191446,199.71999955922365,14.0,1,29.491554065238425,1094.703932390555,162.15938491188638,155.89107273287732
Ship_A_Supramax,2024-01-31,False,13.046403516655932,1,Hull_Fouling_Suspected,0.0,24.0,28.51636121729592,0.0,28.51636121729592,88.79994883065949,0.0,88.79994883065949,0.0,0.0,5.108644809779817,C,57.55555555555555,2.578760567431038,0.5999999865889549,0.7161124,29.77947173645787,239.42077312751096,100.7700017709285,13.168401995631172,1,27.27947173645787,106.9099121749745,64.70128904480401,156.6479395986135
Ship_A_Supramax,2024-02-01,False,13.080598202334606,1,Hull_Fouling_Suspected,0.0,24.0,28.828534577783675,0.0,28.828534577783675,89.77205667521837,0.0,89.77205667521837,0.0,0.0,5.1227406458008895,C,57.55555555555555,4.298634528603108,0.7599999830126762,0.26025754,29.497763163422693,168.90110075035767,139.51000090502205,13.275927583921211,1,26.997763163422693,108.18636362283074,105.90060368463884,135.29170352997448
Ship_A_Supramax,2024-02-03,False,14.215228472679946,0,Indeterminate_or_Learning,0.0,24.0,40.92323398838352,0.0,40.92323398838352,127.43495063982628,0.0,127.43495063982628,0.0,0.0,7.024198846433602,D,57.55555555555555,12.19679285181834,0.8699999805539846,0.9245084,32.0,71.47510497229698,86.27000209502876,13.744148106173386,1,30.50078431032896,110.25202325775892,49.44746315893184,34.65256603620006
Ship_A_Supramax,2024-02-04,False,13.154936579639658,1,Indeterminate_or_Learning,0.0,24.0,31.6480501972965,0.0,31.6480501972965,98.55202831438129,0.0,98.55202831438129,0.0,0.0,5.533843998149558,C,57.55555555555555,14.156357742135691,1.0799999758601189,0.62859255,31.04417774993636,47.48453489963387,69.68000246584415,13.49163936241434,1,28.54417774993636,109.73487119081378,33.516405362573835,11.320937796363552
Ship_A_Supramax,2024-02-05,False,13.790524531644047,1,Indeterminate_or_Learning,0.0,24.0,36.08377448676464,0.0,36.08377448676464,112.36487375178508,0.0,112.36487375178508,0.0,0.0,6.283704010208228,C,57.55555555555555,13.53070067186918,0.6799999848008156,0.59533936,31.881552372264764,39.67425937523228,95.85000188089909,13.546930953323512,1,29.381552372264764,109.60356358386883,57.82993340897264,1.654190903305846
Ship_A_Supramax,2024-02-06,False,14.658140716440649,0,Indeterminate_or_Learning,0.0,24.0,43.930356337421074,0.0,43.930356337421074,136.7991296347292,0.0,136.7991296347292,0.0,0.0,7.402550304909589,D,57.55555555555555,7.775541422487429,0.6299999859184027,0.8702183,32.0,35.91803042717123,185.8599998690188,14.0,1,30.06853606359028,109.94648482002272,155.52239619711338,5.580426755265819
Ship_A_Supramax,2024-02-14,False,13.896132784748168,1,Indeterminate_or_Learning,0.0,24.0,36.355636611505865,0.0,36.355636611505865,113.21145240822926,0.0,113.21145240822926,0.0,0.0,6.12616084460115,C,57.55555555555555,14.198350315210238,1.1299999747425318,0.28634527,32.0,70.2256456981242,78.69000226445496,14.0,1,29.9488013310376,109.94383597515458,136.18555457827296,144.64991114460372
Ship_A_Supramax,2024-02-15,True,14.386082204845636,1,Indeterminate_or_Learning,0.010656307451426983,24.0,31.37457489040925,0.334337116190022,31.70891200659927,97.7004262087344,1.0411257798157285,98.74155198855013,0.334337116190022,1.0411257798157285,11.754946665303587,E,57.55555555555555,17.180084221082073,1.6099999640136955,0.5757707,32.0,54.45438760351836,71.01000243611634,14.0,0,29.57406151693877,109.8895152002334,143.33486886620133,159.8904836987993
Ship_A_Supramax,2024-02-16,True,13.60493005816772,1,Indeterminate_or_Learning,0.05475437268614769,24.0,25.00856009864503,1.3693280199851325,26.377888118630164,77.87665614718063,4.264087454233702,82.14074360141433,1.7036651361751545,5.305213234049431,9.778659952549324,E,57.55555555555555,15.263365855458147,1.699999962002039,1.0562472,32.0,46.84761026599461,59.70000268891454,14.0,0,29.536196887963754,1103.070833500217,158.40764581209675,171.2600382350167
Ship_A_Supramax,2024-02-17,True,13.420344537381302,1,Indeterminate_or_Learning,0.05475437268614769,24.0,24.161821320815253,1.3229653693760277,25.48478669019128,75.23991159301869,4.11971416023695,79.35962575325564,3.026630505551182,9.424927394286382,9.447574494435194,E,57.55555555555555,12.411516101206727,1.169999973848462,0.6796024,30.941230388878083,23.73219399834059,50.34000289812684,14.0,1,28.441230388878083,109.24402471595744,166.30176656512,167.09042453509375
Ship_A_Supramax,2024-02-18,True,13.832519763715348,1,Indeterminate_or_Learning,0.05475437268614769,24.0,28.813625680756687,1.5776719989633075,30.391297679719994,89.72563036987631,4.912870604771739,94.63850097464805,4.604302504514489,14.33779799905812,11.266488211267626,E,57.55555555555555,10.38610132042272,1.029999976977706,0.37503403,32.0,317.1565626747148,55.34000278636813,14.0,1,29.97722607118915,109.73474942619474,159.34808926832093,102.46847062002573
Ship_A_Supramax,2024-02-19,True,13.755617689959127,1,Indeterminate_or_Learning,0.05475437268614769,24.0,28.8561057000921,1.5799979657737135,30.436103665865815,89.8579131500868,4.920113665419343,94.77802681550614,6.184300470288203,19.25791166447746,11.283098430417397,E,57.55555555555555,10.341642297583418,0.8699999805539846,0.29083323,30.71870742867761,298.7462099557357,287.0099976081401,14.0,1,28.21870742867761,108.3403544560791,71.25262764215836,82.98883998975396
Ship_A_Supramax,2024-02-20,True,13.471884995378682,1,Indeterminate_or_Learning,0.05475437268614769,24.0,27.5970534843864,1.5110593515236437,29.108112835910045,85.93722455037924,4.705438820644626,90.64266337102387,7.695359821811847,23.96335048512209,10.790793258455224,E,57.55555555555555,9.484225846882405,1.2399999722838402,1.003825,32.0,289.0215745304326,196.6999996267259,14.0,1,29.92488742844821,109.86247415142418,18.171422298477523,74.15015260522915
Ship_A_Supramax,2024-02-21,True,13.66552893855589,1,Indeterminate_or_Learning,0.05475437268614769,24.0,32.37256261646623,1.7725393583076445,34.14510197477388,100.80815998767585,5.519687561770005,106.32784754944586,9.467899180119492,29.483038046892094,12.658077089219747,E,57.55555555555555,17.264306748352563,1.7399999611079693,0.8825059,32.0,156.0788947520737,152.8400006070733,14.0,0,30.81770039932272,108.8490394176322,59.85684284665629,56.61794870165593
Ship_A_Supramax,2024-03-01,False,13.581015689498768,1,Indeterminate_or_Learning,0.05475437268614769,24.0,32.894329861444845,1.801108396494628,34.69543825793947,102.43294318853924,5.608651546684271,108.04159473522351,11.269007576614118,35.09168959357636,6.065141062457816,C,57.55555555555555,8.449350991463266,2.109999952837825,0.675408,32.0,185.0705195431374,190.609999762848,13.495101290861234,0,29.78920918959478,109.93604120425962,156.37174274636567,150.83226252665506
Ship_A_Supramax,2024-03-02,False,13.314025465040224,1,Indeterminate_or_Learning,0.05475437268614769,24.0,30.728043583849168,1.6824947503062666,32.41053833415543,95.6871277201063,5.239288652453714,100.92641637256001,12.951502326920385,40.33097824603008,5.818342187242214,C,57.55555555555555,5.320224473189036,1.1299999747425318,0.23869905,32.0,36.826425894312365,202.7599994912744,13.141098251405667,1,29.823057031405,108.72358540144944,167.1738347010578,1.2402611040957936
Ship_A_Supramax,2024-03-03,False,13.83572534431218,1,Indeterminate_or_Learning,0.05475437268614769,24.0,35.04923644019828,1.919098954411525,36.9683353946098,109.14332227477743,5.976074144037488,115.11939641881492,14.870601281331911,46.30705239006757,6.445645941961942,C,57.55555555555555,1.900735793416776,0.9999999776482582,0.42162266,32.0,221.98721249581664,137.84000094234943,13.530321823277491,1,29.943463686882083,109.19677683987122,102.06536875691847,173.7874196896143
Ship_A_Supramax,2024-03-04,False,13.738370965167997,0,Indeterminate_or_Learning,0.05475437268614769,24.0,36.41438341345479,1.9938467205565786,38.40823013401137,113.39438994949822,6.208838687813186,119.6032286373114,16.86444800188849,52.51589107788075,6.849163182870598,D,57.55555555555555,12.967267906156046,1.099999975413084,0.674603,30.94837787058733,57.52196805542809,87.70000206306577,13.229135315395157,1,28.44837787058733,108.86389153962666,50.776579262923406,20.598545255285728
Ship_A_Supramax,2024-03-05,False,14.017079604445655,0,Indeterminate_or_Learning,0.05475437268614769,24.0,39.07992537975541,2.1397967987899693,41.219722178545375,121.69488763255833,6.663327231431964,128.3582148639903,19.004244800678457,59.179218309312716,7.000772971639265,D,57.55555555555555,10.447279223538292,1.149999974295497,1.57126,32.0,113.69275799187672,82.8600021712482,13.8900478933671,1,30.194702790591748,109.62182462735784,47.72407149046506,78.55682731109358
Ship_A_Supramax,2024-03-06,False,13.00391944444846,1,Indeterminate_or_Learning,0.05475437268614769,24.0,29.580309427836447,1.619651286583325,31.19996071441977,92.1130835582827,5.043594106420474,97.15667766470317,20.623896087261784,64.22281241573319,5.4759745687319406,C,57.55555555555555,9.447793454127666,1.19999997317791,0.5945355,31.17443234549605,50.46084609368535,91.0100019890815,13.441177047399144,1,28.67443234549605,109.28887314520117,56.22939893673004,15.68024304133388
Ship_A_Supramax,2024-03-07,False,13.48152594909306,1,Indeterminate_or_Learning,0.05475437268614769,24.0,33.519093788694214,1.835316953408101,35.35441074210232,104.37845805799378,5.715176992912826,110.09363505090661,22.459213040669884,69.93798940864602,6.332993809843831,C,57.55555555555555,12.707048131068143,0.979999978095293,0.80221206,29.10522525403076,56.007050117348896,145.6100007686764,13.169801121282996,1,26.60522525403076,106.1992258673615,107.16376350182628,17.560812850498777
Ship_A_Supramax,2024-03-08,False,13.231496060537909,1,Indeterminate_or_Learning,0.05475437268614769,24.0,31.2083021527282,1.7087910069723853,32.917093159700585,97.18265290359561,5.321175195712008,102.50382809930761,24.16800404764227,75.25916460435802,5.807480894878659,C,57.55555555555555,10.412558426671383,1.0099999774247408,0.20063871,32.0,58.31246560584708,142.35000084154308,13.371445663338802,1,30.16543259694348,109.4592259981928,109.4726862398727,25.435151004176703
Ship_A_Supramax,2024-03-16,True,13.880737101906146,1,Indeterminate_or_Learning,0.05475437268614769,24.0,27.695257988739552,1.5164364775544545,29.211694466294006,86.24303337693496,4.7221831911045715,90.96521656803954,25.684440525196724,79.9813477954626,10.829192448576135,E,57.55555555555555,8.062282204608321,0.8299999814480543,0.70695347,32.0,49.840525797794896,92.20000196248292,14.0,1,29.565092013518985,109.93199010971016,123.10884009701876,165.4683162617068
Ship_A_Supramax,2024-03-17,True,13.966222159958091,1,Indeterminate_or_Learning,0.05475437268614769,24.0,28.898152581981485,1.5823002164149753,30.48045279839646,89.98884714029035,4.927282873916233,94.91613001420657,27.2667407416117,84.90863066937882,11.660339701278387,E,57.55555555555555,6.5758502674538,0.8199999816715717,0.90386355,26.52724504382791,87.50270126494635,127.19000118039548,13.566804576571124,1,24.02724504382791,103.370198750571,87.87183912335459,127.55913903880372
Ship_A_Supramax,2024-03-18,True,13.068739724329488,1,Indeterminate_or_Learning,0.07562506198883057,24.0,22.82370558012784,1.726044149311986,24.549749729439824,71.07301917651809,5.374901480957524,76.4479206574756,28.992784890923687,90.28353215033636,9.379745682203199,E,57.55555555555555,8.094795661708426,0.8699999805539846,1.0863905,25.413915466072385,81.41908178855651,139.3500009085983,13.583865214761849,1,22.913915466072385,102.63682561040768,75.71759617932562,133.64851529936743
Ship_A_Supramax,2024-03-19,True,13.35370185865362,1,Indeterminate_or_Learning,0.07562506198883057,24.0,24.077171781478405,1.8208376084900264,25.898009389968433,74.97631292752375,5.670088312837942,80.6464012403617,30.81362249941371,95.9536204631743,9.688474981047387,E,57.55555555555555,6.542894602214034,0.92999997921288,0.94732803,31.25757143835488,43.98602127721469,144.67000078968704,13.873253427073978,1,28.75757143835488,108.09978687000792,73.31303345472762,173.99701296719996
Ship_A_Supramax,2024-03-20,True,14.96031889212168,0,Indeterminate_or_Learning,0.07562506198883057,24.0,38.14343128582165,2.8845993554569613,41.02803064127861,118.77864502404861,8.982642392892977,127.7612874169416,33.698221854870674,104.93626285606727,15.209677073445429,E,57.55555555555555,10.716311224111024,1.1299999747425318,1.205768,31.20776126017214,312.9877328047346,140.88000087440014,14.0,1,28.70776126017214,108.66350307242806,74.42758501729278,97.68014691304168
Ship_A_Supramax,2024-03-21,True,13.462071458780382,1,Indeterminate_or_Learning,0.07562506198883057,24.0,26.46868455882325,2.001695910523811,28.47038046934706,82.4234837161756,6.233281065371147,88.65676478154674,35.69991776539448,111.16954392143842,10.554376759707946,E,57.55555555555555,9.904029559485831,0.7599999830126762,0.8857533,32.0,136.34000778089973,128.1000011600554,14.0,1,29.743843421941115,110.39185125970494,88.59823339245114,80.35822677160681
Ship_A_Supramax,2024-03-23,True,13.270965304046744,1,Indeterminate_or_Learning,0.07562506198883057,24.0,25.98654399268548,1.9652340003223119,27.95177799300779,80.92209799322258,6.119738677003679,87.04183667022626,37.66515176571679,117.2892825984421,10.362123413122173,E,57.55555555555555,12.9236565093733,2.6499999407678843,1.0596938,32.0,168.2983684856334,159.54000045731664,14.0,0,30.0194899128732,109.30071621309042,55.05770950930753,46.29934148099076
Ship_A_Supramax,2024-03-24,True,13.17404934842094,0,Indeterminate_or_Learning,0.07562506198883057,24.0,27.97586340984841,2.115676404560843,30.091539814409256,87.11683865826795,6.588216323802465,93.70505498207042,39.78082817027764,123.87749892224457,11.155363688341716,E,57.55555555555555,19.81964522831117,3.7899999152868986,0.9747272,31.02144423935873,107.36814646221558,128.58000114932656,14.0,0,28.52144423935873,108.83185378240644,83.35943987947289,104.57129456658387
Ship_B_VLCC,2024-01-03,False,14.145040536970988,1,Indeterminate_or_Learning,0.0,65.0,108.02568525342583,0.0,108.02568525342583,336.39198387916804,0.0,336.39198387916804,0.0,0.0,3.3030115614975344,A,63.77777777777778,16.64915169115499,1.7999999597668648,0.041073844,80.0,34.0018782137326,37.40000318735838,14.14500312887916,0,95.60701827744298,79.52243871032532,0.8073557895777981,4.205480763203582
Ship_B_VLCC,2024-01-04,False,14.38952952382021,1,Indeterminate_or_Learning,0.0,65.0,111.4799554186734,0.0,111.4799554186734,347.14858117374894,0.0,347.14858117374894,0.0,0.0,3.365795782027086,A,63.77777777777778,13.95227315761764,1.2099999729543924,0.11564677,80.0,11.3099324740202,54.52000280469656,14.325016679870636,1,96.27902889914056,80.21179953279673,20.76450139123864,22.44556893943772
Ship_B_VLCC,2024-01-05,False,14.648751021378928,1,Indeterminate_or_Learning,0.0,65.0,115.515193572505,0.0,115.515193572505,359.71431278478053,0.0,359.71431278478053,0.0,0.0,3.3782190506326986,A,63.77777777777778,12.384816314686024,1.0699999760836365,0.30840257,80.0,34.31880255684308,76.12000232189894,14.788952543131108,1,96.05864365670068,81.03126245962157,39.85848477769696,1.9427149873588967
Ship_B_VLCC,2024-01-06,False,14.342285062842612,1,Indeterminate_or_Learning,0.0,65.0,108.7294051392261,0.0,108.7294051392261,338.5833676035501,0.0,338.5833676035501,0.0,0.0,3.276838157404355,A,63.77777777777778,14.432046662241511,1.1399999745190144,0.17131583,80.0,34.56697526741041,60.14000267907977,14.350866739163294,1,92.8364158254746,78.53246679276779,24.161582089296303,1.411445322373055
Ship_B_VLCC,2024-01-13,False,13.830403381065706,1,Indeterminate_or_Learning,0.0,65.0,91.57840135192194,0.0,91.57840135192194,285.1751418098849,0.0,285.1751418098849,0.0,0.0,2.851577192035262,A,63.77777777777778,16.365621748631185,1.2499999720603228,0.6306813,80.0,51.68621698862168,71.30000242963433,13.889737474171962,1,82.0711345212606,76.57782934394078,143.9887259777545,163.60251141876716
Ship_B_VLCC,2024-01-14,False,15.072357720892384,1,Indeterminate_or_Learning,0.0,65.0,119.69936367401692,0.0,119.69936367401692,372.7438184808887,0.0,372.7438184808887,0.0,0.0,3.4513316526008215,A,63.77777777777778,18.11251165486744,1.5399999655783176,0.40046722,80.0,41.43506210014087,62.0200026370585,15.0,0,95.3410985392104,80.49286499783993,156.43304438781465,177.01798492473227
Ship_B_VLCC,2024-01-15,False,14.201938887266948,1,Hull_Fouling_Suspected,0.006433472502976656,65.0,101.6491804088539,0.6539572071104749,102.30313761596437,316.535547793171,2.0364227429420185,318.57197053611304,0.6539572071104749,2.0364227429420185,3.098628158275798,A,63.77777777777778,12.82939105040373,1.499999966472387,0.3471078,80.0,353.3274581894485,34.33000325597823,14.27925674164302,0,96.35015379598678,80.59369302578237,179.6779546666514,138.6754096001217
Ship_B_VLCC,2024-01-16,True,15.243538579367844,1,Hull_Fouling_Suspected,0.006433472502976656,65.0,95.2984059929962,0.6130996745334468,95.91150566752964,296.75923626219014,1.9091923864971534,298.66842864868727,1.2670568816439216,3.945615129439172,6.381804030954855,C,63.77777777777778,9.983926163647396,0.9699999783188104,0.37395075,80.0,24.90088092186153,32.94000328704715,15.0,1,96.73030668629096,81.29478182100931,176.5411547356181,168.5020323704325
Ship_B_VLCC,2024-01-17,True,14.658679791687138,1,Hull_Fouling_Suspected,0.006433472502976656,65.0,84.5663146412093,0.5440550599222922,85.11036970113159,263.33950379272574,1.6941874565980177,265.03369124932374,1.8111119415662138,5.63980258603719,5.667641125063364,C,63.77777777777778,8.591265557726338,0.9999999776482582,0.7247418,80.0,6.709836807756915,29.010003374889493,14.988016008563896,1,88.70486054914596,78.57604478325267,173.18330433903813,150.88313777190555
Ship_B_VLCC,2024-01-18,True,15.006335672476572,1,Hull_Fouling_Suspected,0.006433472502976656,65.0,103.04512498476434,0.6629379781552742,103.70806296291961,320.8825192025561,2.0643888639755237,322.94690806653165,2.4740499197214882,7.704191450012713,6.900574958686574,D,63.77777777777778,19.011627959653687,1.4399999678134918,0.35238308,80.0,313.26159558167427,308.04999713785946,15.0,0,93.28993682588786,79.5783209832193,91.84846139732964,97.06005984114444
Ship_B_VLCC,2024-01-19,True,15.292490207558387,1,Hull_Fouling_Suspected,0.006433472502976656,65.0,107.08597216870528,0.6889346574018889,107.77490682610717,333.4657173333482,2.145342523149482,335.6110598564977,3.162984577123377,9.849533973162195,7.171176492660208,D,63.77777777777778,14.770044128196709,1.499999966472387,1.1860682,80.0,240.38593075776248,240.75999864190817,15.0,0,95.9100260815566,80.09719215078867,25.50206743711377,25.12799955296808
Ship_B_VLCC,2024-01-20,True,14.936036185823102,1,Hull_Fouling_Suspected,0.006433472502976656,65.0,106.53269159207612,0.6853751420257141,107.21806673410184,331.74280161772504,2.134258192268074,333.8770598099931,3.8483597191490913,11.98379216543027,7.134125209615237,D,63.77777777777778,16.51765073903409,2.3299999479204416,0.73288137,80.0,182.3950055168724,188.96999979950488,15.0,0,96.4559391513041,79.82341685359465,26.679695801829524,33.254690084462055
Ship_B_VLCC,2024-01-25,True,14.358630132955303,1,Hull_Fouling_Suspected,0.006433472502976656,65.0,80.39383462519963,0.5172115244700745,80.9110461496697,250.34640102287165,1.6105966871998119,251.95699771007145,4.365571243619166,13.59438885263008,5.383696532266484,C,63.77777777777778,5.270160949392938,2.3299999479204416,0.8264059,80.0,155.87591981139758,138.74000092223287,15.0,0,95.96979080829936,79.49672871736018,73.0183829197394,55.88246403057468
Ship_B_VLCC,2024-01-30,True,14.27262552014308,1,Hull_Fouling_Suspected,0.006433472502976656,65.0,77.46409973018413,0.498363155581981,77.96246288576612,241.22320655979337,1.551902866482289,242.77510942627566,4.863934399201146,15.14629171911237,5.187502338168284,C,63.77777777777778,5.481041765097237,0.8199999816715717,0.9273886,80.0,254.05460409907715,190.8899997565896,15.0,1,90.50367754751755,78.64140499859397,155.75755273155715,141.07784292595522
Ship_B_VLCC,2024-01-31,False,14.65620887184627,1,Hull_Fouling_Suspected,0.006433472502976656,65.0,111.67624576645254,0.7184660563741356,112.39471182282668,347.7598293167332,2.2373032995490583,349.9971326162823,5.582400455575282,17.383595018661428,3.289273743779702,A,63.77777777777778,2.579195498283602,0.5999999865889549,0.69427806,80.0,274.0856167799749,99.4500018004328,14.778554978982688,1,96.13060129976247,80.64849727328055,62.78527508599143,122.57910993446647
Ship_B_VLCC,2024-02-01,False,14.949232824076237,1,Hull_Fouling_Suspected,0.006433472502976656,65.0,119.2190423492549,0.7669924307851409,119.98603478004004,371.2480978755798,2.3884144294649285,373.6365123050447,6.349392886360423,19.772009448126354,3.4870000226750704,A,63.77777777777778,3.647149081611692,0.7499999832361937,0.4402249,80.0,184.81691529649265,144.19000080041587,14.882122083428204,1,96.56182927258148,79.98856596885057,106.20529773368004,146.83221222975678
Ship_B_VLCC,2024-02-02,False,14.82954921193289,1,Hull_Fouling_Suspected,0.006433472502976656,65.0,118.7646420976921,0.7640690592613659,119.52871115695346,369.8330954922132,2.3793110505398936,372.21240654275306,7.113461945621789,22.15132049866625,3.556579113191945,A,63.77777777777778,9.43762760736411,0.8199999816715717,0.48762912,80.0,357.89266449800147,113.110001495108,14.535362754516738,1,95.80627574268615,79.50034888385254,78.26743995566653,36.94989704144001
Ship_B_VLCC,2024-02-03,False,15.533043329992111,0,Indeterminate_or_Learning,0.006433472502976656,65.0,142.1268017323749,0.9143688708812489,143.04117060325615,442.5828605946154,2.8473446639242086,445.4302052585396,8.027830816503037,24.99866516259046,4.124353752393885,B,63.77777777777778,13.759720637637994,0.979999978095293,1.0928489,80.0,68.95638523756995,72.51000240258873,15.0,1,96.35143727360148,79.7476125393859,35.72347250294604,32.16985533792726
Ship_B_VLCC,2024-02-04,False,13.75689522930866,1,Indeterminate_or_Learning,0.006433472502976656,65.0,95.24359765913232,0.6127470666245995,95.85634472575691,296.588563110538,1.908094365469003,298.496657476007,8.640577883127637,26.90675952805946,2.95214067893106,A,63.77777777777778,14.035545323940376,1.0699999760836365,0.6073602,80.0,49.66086471291396,70.35000245086849,14.043324354346598,1,87.20660257981552,78.10390417010439,32.71912800671646,12.029990268761935
Ship_B_VLCC,2024-02-05,False,14.578659194526145,1,Indeterminate_or_Learning,0.006433472502976656,65.0,113.1756314593454,0.7281123130007184,113.90374377234612,352.4289163644016,2.2673417426842373,354.6962581070858,9.368690196128355,29.174101270743698,3.415721648589381,A,63.77777777777778,13.322517044241035,0.669999985024333,0.64865005,80.0,41.33459486682645,99.72000179439785,14.422536216288112,1,96.53245722679202,80.27336678410069,64.84820833584382,6.4628014082724405
Ship_B_VLCC,2024-02-06,False,14.248605968281668,1,Indeterminate_or_Learning,0.006433472502976656,65.0,103.0876705880221,0.6632116941239555,103.75088228214607,321.01500621110085,2.0652412155019975,323.08024742660285,10.03190189025231,31.239342486245697,3.157067529387186,A,63.77777777777778,8.018202244592489,0.6299999859184027,0.101963185,80.0,35.673369141638176,182.32999994792044,14.21327107175888,1,96.69498226468568,79.88053395041516,148.77632989615512,2.119699089872853
Ship_B_VLCC,2024-02-14,False,14.841825613143865,1,Hull_Fouling_Suspected,0.006433472502976656,65.0,117.6999010306428,0.7572190768837143,118.45712010752652,366.5174918094217,2.357980205415886,368.87547201483756,10.789120967136025,33.59732269166158,3.41815393076701,A,63.77777777777778,14.418616681598062,1.1299999747425318,0.29014862,80.0,68.04793143539288,77.13000229932368,14.98841347821014,1,95.93660240339224,80.49915544907398,138.81879092325792,147.90086178718872
Ship_B_VLCC,2024-02-15,True,15.205567369327072,1,Hull_Fouling_Suspected,0.02031884901225567,65.0,93.59950105220392,1.901834129502197,95.50133518170611,291.468846276563,5.922311479269841,297.3911577558328,12.690955096638223,39.519634170931425,6.354511917859675,C,63.77777777777778,17.65558772134924,1.579999964684248,0.49608293,80.0,52.750036422919294,73.93000237084925,15.0,0,96.15074268802024,79.78418984364097,142.5337050335381,163.71367098146806
Ship_B_VLCC,2024-02-16,True,14.656341593887984,1,Hull_Fouling_Suspected,0.02031884901225567,65.0,82.4828954655576,1.6759574990583328,84.15885296461593,256.85173647974636,5.218931652067648,262.070668131814,14.366912595696554,44.73856582299907,5.599800601107137,C,63.77777777777778,15.01306681400666,1.6899999622255564,0.99717605,80.0,46.1852608186224,59.80000268667936,15.0,0,86.11483232480842,77.8054772891495,154.5483369306888,168.16307879874577
Ship_B_VLCC,2024-02-17,True,14.343085778368044,1,Hull_Fouling_Suspected,0.02031884901225567,65.0,77.16667027291122,1.567937922053801,78.73460819496502,240.29701122984554,4.882558689275536,245.17956991912106,15.934850517750355,49.621124512274605,5.3017816195223375,C,63.77777777777778,12.821838520120831,1.169999973848462,0.60615534,80.0,22.339463698000685,46.88000297546387,14.822035520576138,1,88.16339086314416,77.90776688304817,170.01440809445415,165.44505262808266
Ship_B_VLCC,2024-02-18,True,14.824809180619004,1,Hull_Fouling_Suspected,0.02031884901225567,65.0,90.82965177568148,1.845553980265832,92.67520575594732,282.8435356294721,5.747055094547801,288.59059072401993,17.78040449801619,55.36817960682241,6.16646561376111,C,63.77777777777778,10.955712921959725,1.0399999767541883,0.49188396,80.0,321.51101944340064,54.98000279441476,15.0,1,86.06413647288292,77.22525053417179,161.54603055282902,104.98498609615686
Ship_B_VLCC,2024-02-19,True,15.062675954526885,1,Hull_Fouling_Suspected,0.02031884901225567,65.0,97.5446698009467,1.9819954176357713,99.52666521858248,303.75410176014805,6.171933730517791,309.9260354906658,19.762399915651958,61.5401133373402,6.622351185697987,D,63.77777777777778,11.021408179295678,0.8199999816715717,0.18833293,80.0,289.7415887780445,278.0699978079647,15.0,1,95.97230372761862,80.1621796408608,62.20416201812304,73.87575298820286
Ship_B_VLCC,2024-02-20,True,14.41721099498366,1,Hull_Fouling_Suspected,0.02031884901225567,65.0,87.47898894000286,1.7774723680167017,89.25646130801957,272.4095715591689,5.535048954004009,277.94462051317294,21.53987228366866,67.07516229134421,5.93898761780284,C,63.77777777777778,12.01039807206968,1.3199999704957008,0.99829805,80.0,296.2526941029086,194.4099996779114,15.0,0,95.50376470715098,79.4104801044201,23.03740955435947,78.80528487063773
Ship_B_VLCC,2024-02-21,True,14.547426398620347,1,Indeterminate_or_Learning,0.02031884901225567,65.0,96.48067471747534,1.9603762621849343,98.44105097966028,300.4408210702182,6.1046116804438855,306.5454327506621,23.500248545853594,73.1797739717881,6.550116084415857,D,63.77777777777778,17.638158231028566,1.7599999606609344,1.2768517,80.0,156.0788947520737,153.04000060260296,15.0,0,95.21498874438964,80.59383969423078,57.08452676898165,54.04563261951094
Ship_B_VLCC,2024-03-01,False,14.78385206355422,1,Indeterminate_or_Learning,0.02031884901225567,65.0,114.7871003868492,2.332341761315023,117.11944214816423,357.44703060464843,7.262912244734982,364.70994284938337,25.83259030716862,80.44268621652307,3.444586396751514,A,63.77777777777778,8.548304549365042,2.1199999526143074,0.5797812,80.0,185.0705195431374,189.9299997780472,14.705440042627886,0,95.91621987646724,80.0631897897732,155.79563367613196,150.93615344122216
Ship_B_VLCC,2024-03-02,False,14.428780442945245,1,Indeterminate_or_Learning,0.02031884901225567,65.0,106.12106155333512,2.1562578267225065,108.27731938005763,330.46098567708555,6.714586872413885,337.17557254949946,27.988848133891125,87.15727308893696,3.2778192733478537,A,63.77777777777778,5.381766355442284,1.1299999747425318,0.23869905,80.0,36.826425894312365,202.7599994912744,14.286919664135237,1,95.14622425026754,80.96946449952914,165.8457672849658,0.0878063119961893
Ship_B_VLCC,2024-03-03,False,14.323668819692411,1,Hull_Fouling_Suspected,0.02031884901225567,65.0,103.37438886106386,2.100448599002161,105.47483746006603,321.90784691335284,6.540796937292729,328.44864385064557,30.089296732893285,93.69807002622969,3.250980548409584,A,63.77777777777778,1.9225625551801944,0.9899999778717756,0.51981616,80.0,221.98721249581664,137.84000094234943,14.032033265715883,1,84.97331079521135,76.85027149393153,103.32037416059508,172.5324142859377
Ship_B_VLCC,2024-03-04,False,13.80169311384878,0,Indeterminate_or_Learning,0.02031884901225567,65.0,95.47173004738198,1.9398756677715872,97.41160571515357,297.2989673675475,6.040772829440722,303.3397401969882,32.029172400664876,99.73884285567041,3.155585299175703,A,63.77777777777778,12.244617340276,1.1299999747425318,0.7280419,75.17919911448203,57.1844069923828,85.98000210151076,13.35109511468734,1,70.17919911448203,72.76812437300399,49.60214111949466,20.806546010366706
Ship_B_VLCC,2024-03-05,False,14.609849730285282,1,Indeterminate_or_Learning,0.02031884901225567,65.0,114.38456705416,2.3241627473057114,116.70872980146571,356.19354180665425,7.237442795109985,363.4309846017642,34.35333514797058,106.9762856507804,3.483784002313804,A,63.77777777777778,9.181376909676988,1.149999974295497,1.57126,80.0,104.68519703712153,82.8600021712482,14.488994037979744,1,96.0345872552096,80.25695392482946,46.7934276627567,68.61862252863003
Ship_B_VLCC,2024-03-06,False,14.783135110898153,1,Indeterminate_or_Learning,0.02031884901225567,65.0,116.8556903995798,2.374373129451956,119.23006352903175,363.8886199042915,7.393797925113391,371.2824178294049,36.72770827742254,114.37008357589379,3.4378001650870824,A,63.77777777777778,10.277420079527433,1.19999997317791,0.3814921,80.0,44.83905722242159,92.76000194996595,15.0,1,96.54522522301156,80.0897908909698,56.17516023449144,8.254215506947077
Ship_B_VLCC,2024-03-07,False,15.17196321590794,0,Indeterminate_or_Learning,0.02031884901225567,65.0,129.38447133738623,2.628943537634872,132.0134148750211,402.9032437446207,8.186530176194992,411.08977392081573,39.35665181505741,122.55661375208878,3.8063867955631085,A,63.77777777777778,12.856420161910558,0.979999978095293,0.7070197,80.0,57.31944525663661,145.17000077851117,15.0,1,94.93741376517713,80.17531504963678,109.03458840249824,21.18403288062368
Ship_B_VLCC,2024-03-08,False,14.191484576914233,1,Indeterminate_or_Learning,0.02031884901225567,65.0,103.48403645317217,2.102676511870767,105.58671296504293,322.24928951517813,6.5477346579655675,328.7970241731437,41.45932832692818,129.10434841005434,3.1896164170379815,A,63.77777777777778,10.48890706451772,1.0099999774247408,0.2741586,80.0,59.99235930673842,142.49000083841383,14.317161497365491,1,95.9325130395737,80.24459356507383,109.10217433961212,26.60453280793672
Ship_B_VLCC,2024-03-16,True,15.03780948989031,1,Indeterminate_or_Learning,0.0241340734064579,65.0,91.44229190805676,2.2068749853637932,93.64916689342056,284.7512970016887,6.872208704422852,291.6235057061116,43.66620331229197,135.9765571144772,6.231271489446829,C,63.77777777777778,8.046762838643177,0.8299999814480543,0.4864206,80.0,44.36808687817904,96.8600018583238,15.0,1,92.56756335310403,78.73304389919797,114.20997251513458,166.70188749527935
Ship_B_VLCC,2024-03-18,True,14.397245388689388,1,Indeterminate_or_Learning,0.0241340734064579,65.0,79.74163652992648,1.9244905095643305,81.66612703949082,248.31545615419105,5.992863446783325,254.3083196009744,45.590693821856306,141.96942056126053,5.478603590095059,C,63.77777777777778,8.737372539192064,0.8699999805539846,1.0081431,80.0,73.73430876680649,138.56000092625618,14.87771025130326,1,89.31616817247895,78.37391966313527,79.53584786274655,144.36154002219624
Ship_B_VLCC,2024-03-19,True,14.545530046516609,1,Indeterminate_or_Learning,0.0241340734064579,65.0,81.55429230043396,1.9682372769903975,83.52252957742435,253.96006622355134,6.129090880548097,260.0891571040994,47.5589310988467,148.09851144180863,5.557460621882465,C,63.77777777777778,6.516823904148969,0.9399999789893628,0.8657656,80.0,38.74596725608353,144.94000078365207,15.0,1,92.80557585910095,78.27806765620414,68.00053301667921,174.19456654424775
Ship_B_VLCC,2024-03-20,True,15.998725982077575,1,Indeterminate_or_Learning,0.0241340734064579,65.0,118.34412090746,2.8561257012033687,121.20024660866336,368.52359250583044,8.89397543354729,377.4175679393777,50.41505680005007,156.99248687535592,8.064477947422601,E,63.77777777777778,11.960892600275814,1.1399999745190144,1.3165367,80.0,308.7536843790099,141.56000085920095,15.0,1,95.1181428036936,80.4237108385752,75.36723698976505,91.82644653004388
Ship_B_VLCC,2024-03-21,True,14.318531324122938,1,Indeterminate_or_Learning,0.0241340734064579,65.0,83.34255255428965,2.011395281226802,85.35394783551645,259.528708654058,6.2634849057402615,265.7921935597982,52.42645208127687,163.25597178109618,5.679320375209363,C,63.77777777777778,12.071330246215988,0.7599999830126762,1.2429799,80.0,133.31531568210372,126.16000120341778,15.0,1,94.97343016187205,79.73233590702304,89.52199143784367,82.36667695915773
Ship_B_VLCC,2024-03-22,True,15.047149740129688,1,Indeterminate_or_Learning,0.0241340734064579,65.0,101.19557639054536,2.4422614690182396,103.63783785956359,315.1230248801582,7.605202214522798,322.728227094681,54.86871355029511,170.86117399561897,6.94793545071879,D,63.77777777777778,15.479677420844244,1.3799999691545963,0.21926555,80.0,151.4266089806936,185.449999878183,14.887664840714256,0,84.41873931969397,77.32704049170827,29.63558685197532,63.658977749464725
Ship_B_VLCC,2024-03-23,True,14.47853981979198,1,Indeterminate_or_Learning,0.0241340734064579,65.0,86.91697364707349,2.0976606222656384,89.01463426933913,270.65945593698683,6.532115177735198,277.191571114722,56.96637417256075,177.39328917335416,5.922896818690641,C,63.77777777777778,13.155260042475549,2.70999993942678,0.66746384,80.0,165.543933806151,158.80000047385693,15.0,0,96.00856332550576,80.16599016528451,55.97972970148624,49.23579636919217
Ship_B_VLCC,2024-03-24,True,14.366883789989412,0,Indeterminate_or_Learning,0.0241340734064579,65.0,90.2609886279457,2.178365325286303,92.439353953232,281.07271858742286,6.783429622941548,287.85614821036444,59.144739497847056,184.17671879629572,6.15077239765736,C,63.77777777777778,19.530167765724737,3.929999912157655,0.81319356,80.0,108.41554625694742,128.1600011587143,15.0,0,92.62424220681189,79.27063262395075,82.35030702865447,102.09476193042134
Ship_C_Chem,2024-01-01,False,13.01404697300817,0,Indeterminate_or_Learning,0.0,22.0,26.610040761844523,0.0,26.610040761844523,82.86366693238384,0.0,82.86366693238384,0.0,0.0,6.0036703252683665,C,34.31372549019607,6.937606944964109,1.1099999751895666,0.57019705,22.429348812466568,317.69290887205113,35.12000323832035,12.779785260203369,1,19.429348812466568,116.71407052982556,1.6405580038533571,79.06765237012257
Ship_C_Chem,2024-01-02,False,12.243962202549998,1,Indeterminate_or_Learning,0.0,22.0,22.07131333839348,0.0,22.07131333839348,68.7300697357573,0.0,68.7300697357573,0.0,0.0,5.086349338064681,C,34.31372549019607,8.737869534001003,1.1599999740719795,0.92962813,20.65421054002978,347.6849815207256,21.850003534927964,12.511715029634336,1,17.65421054002978,114.14882028252762,15.05858019981929,49.22360221402164
Ship_C_Chem,2024-01-03,False,12.838978344002069,0,Indeterminate_or_Learning,0.0,22.0,27.682401635753983,0.0,27.682401635753983,86.2029986937379,0.0,86.2029986937379,0.0,0.0,6.237335987670592,C,34.31372549019607,16.466316060091,1.8299999590963123,0.10043973,23.366098959543443,33.129120693636764,37.17000319249928,12.796743920941076,0,20.366098959543443,119.57510110240304,2.0959445484801904,1.9449379503823248
Ship_C_Chem,2024-01-04,False,13.111064186010854,0,Indeterminate_or_Learning,0.0,22.0,28.53937390077729,0.0,28.53937390077729,88.87161032702048,0.0,88.87161032702048,0.0,0.0,6.358800794156726,C,34.31372549019607,14.177015800071516,1.219999972730875,0.28651348,24.0164501487628,11.913692605255818,53.41000282950699,12.940887872473011,1,21.0164501487628,119.52303029030168,18.35427474708712,23.142035477164058
Ship_C_Chem,2024-01-05,False,12.578358575605083,1,Indeterminate_or_Learning,0.0,22.0,23.66805890815051,0.0,23.66805890815051,73.70233543998069,0.0,73.70233543998069,0.0,0.0,5.323698955214983,C,34.31372549019607,12.05789330920194,1.0599999763071537,0.34034565,23.02614581041991,33.26742306094164,77.61000228859484,12.818700636390794,1,20.02614581041991,117.50261101099552,42.95874614385088,1.3838330838023296
Ship_C_Chem,2024-01-06,False,13.478375638605833,0,Indeterminate_or_Learning,0.0,22.0,30.456777194449323,0.0,30.456777194449323,94.84240418351519,0.0,94.84240418351519,0.0,0.0,6.5049659933823865,D,34.31372549019607,14.026842265748028,1.1299999747425318,0.30487213,24.63455105537157,33.87174200079252,60.21000267751515,13.5,1,21.63455105537157,120.34315922847836,23.446460210635,2.89180046608763
Ship_C_Chem,2024-01-13,False,13.184013421512164,1,Indeterminate_or_Learning,0.0,22.0,26.039354387919,0.0,26.039354387919,81.08654956397977,0.0,81.08654956397977,0.0,0.0,5.6586562123960915,C,34.31372549019607,16.136131718543805,1.2599999718368051,0.71163005,24.46033286069061,51.15124417640425,72.1200024113059,13.268192246896485,0,21.46033286069061,119.55060797583845,144.08683257901868,165.05559081392033
Ship_C_Chem,2024-01-14,False,12.590438693170857,1,Indeterminate_or_Learning,0.0,22.0,21.427470904332377,0.0,21.427470904332377,66.72514439609103,0.0,66.72514439609103,0.0,0.0,4.9145873465710475,B,34.31372549019607,17.10258182429832,1.5399999655783176,0.36646536,21.857011618777086,40.57944270879736,61.75000264309347,12.571257106783936,0,18.857011618777086,115.69101328526274,155.6419231432592,176.8124830775553
Ship_C_Chem,2024-01-15,False,12.211722527062436,1,Indeterminate_or_Learning,0.0,22.0,20.70421258658992,0.0,20.70421258658992,64.47291799464101,0.0,64.47291799464101,0.0,0.0,4.822649206406466,B,34.31372549019607,13.133361980645793,1.529999965801835,0.39254072,20.836429698288345,354.2198098368905,35.13000323809683,12.378496493593572,0,17.836429698288345,114.58573664806892,179.76096475384287,139.32884184495077
Ship_C_Chem,2024-01-16,True,13.699807675007616,1,Indeterminate_or_Learning,0.0,22.0,22.675023030184175,0.0,22.675023030184175,70.61002171599351,0.0,70.61002171599351,0.0,0.0,10.89660828950517,E,34.31372549019607,9.97319316456044,0.979999978095293,0.332573,23.87983943026328,25.518669269979824,32.660003293305635,13.5,1,20.87983943026328,120.46082505596225,176.15831536640812,169.0169813430823
Ship_C_Chem,2024-01-17,True,13.13827741338434,1,Indeterminate_or_Learning,0.0,22.0,19.853434357098728,0.0,19.853434357098728,61.823594588005435,0.0,61.823594588005435,0.0,0.0,9.540678177161332,E,34.31372549019607,9.06071839576665,1.0199999772012234,0.8551646,23.522980378632298,3.479917504269708,28.11000339500606,13.5,1,20.522980378632298,118.40437132413626,170.58478466284245,145.9546987721061
Ship_C_Chem,2024-01-18,True,13.2929974176871,0,Indeterminate_or_Learning,0.0,22.0,24.50739068321022,0.0,24.50739068321022,76.31601458751663,0.0,76.31601458751663,0.0,0.0,11.980260690390011,E,34.31372549019607,18.51475568100167,1.4399999678134918,0.35238308,20.279551709559858,313.26159558167427,308.04999713785946,13.271138347169844,0,17.279551709559858,114.0913026788587,94.6181336583885,99.82973210220332
Ship_C_Chem,2024-01-19,True,13.503486819139898,0,Indeterminate_or_Learning,0.0,22.0,25.185287190761187,0.0,25.185287190761187,78.42698431203033,0.0,78.42698431203033,0.0,0.0,12.299038756451068,E,34.31372549019607,14.69595477738362,1.459999967366457,1.1114991,21.04315928469142,238.3144665061261,246.4899985138327,13.284741505864629,0,18.04315928469142,113.89303754685886,29.52771623412528,21.3521842264187
Ship_C_Chem,2024-01-20,True,13.312858519927255,0,Indeterminate_or_Learning,0.0,22.0,27.001346818539982,0.0,27.001346818539982,84.0821939929335,0.0,84.0821939929335,0.0,0.0,12.975647221131712,E,34.31372549019607,16.2026471771332,2.259999949485064,0.7240066,23.94698257866621,183.53140708904883,188.88999980129304,13.5,0,20.94698257866621,119.99395552607696,24.14676748889676,29.505360201140945
Ship_C_Chem,2024-01-21,True,12.75012478305436,0,Indeterminate_or_Learning,0.0,22.0,23.391977645599493,0.0,23.391977645599493,72.84261838839682,0.0,72.84261838839682,0.0,0.0,11.53994650662265,E,34.31372549019607,20.764301741026607,3.1199999302625656,1.1000922,18.1428466640556,155.9234102512076,150.5500006582588,13.150447004995724,0,15.142846664055597,111.1455522091346,60.892884768188,55.5194751752392
Ship_C_Chem,2024-01-29,True,13.588938368460834,1,Indeterminate_or_Learning,0.0,22.0,22.4318012884911,0.0,22.4318012884911,69.8526292123613,0.0,69.8526292123613,0.0,0.0,10.779726730302668,E,34.31372549019607,5.192525992971112,1.099999975413084,0.77178055,24.55178466160024,179.3259631020155,167.93000026978552,13.5,1,21.55178466160024,120.61789109591108,136.2824137053599,147.67837653758986
Ship_C_Chem,2024-01-31,False,13.25702290631233,1,Indeterminate_or_Learning,0.0,22.0,26.69139046603294,0.0,26.69139046603294,83.11698991122657,0.0,83.11698991122657,0.0,0.0,5.788076661697755,C,34.31372549019607,1.25868718081261,0.5999999865889549,0.66361624,24.8159719926932,202.47943439710312,109.34000157937407,13.296329738168051,1,21.8159719926932,120.34010805272524,72.13552130259603,165.27495412032508
Ship_C_Chem,2024-02-01,False,12.86544274027028,1,Indeterminate_or_Learning,0.0,22.0,24.105622415658488,0.0,24.105622415658488,75.06490820236053,0.0,75.06490820236053,0.0,0.0,5.432285670229203,C,34.31372549019607,5.823453223148469,0.7299999836832285,0.6335179,24.34062526561693,193.94059117029,142.07000084780157,12.794714573411364,1,21.34062526561693,120.596253756239,108.50548421502742,160.37607453751588
Ship_C_Chem,2024-02-02,False,13.2916065993324,0,Indeterminate_or_Learning,0.0,22.0,28.157689666270727,0.0,28.157689666270727,87.68304562076705,0.0,87.68304562076705,0.0,0.0,6.289470319805413,C,34.31372549019607,9.237302167304769,0.8199999816715717,0.51625276,24.0253614303769,359.6271476958874,112.41000151075424,12.908560033863992,1,21.0253614303769,119.11070620799674,76.13776731154138,36.64508650332544
Ship_C_Chem,2024-02-03,False,13.137556921737929,0,Indeterminate_or_Learning,0.0,22.0,27.945673869931216,0.0,27.945673869931216,87.0228284309658,0.0,87.0228284309658,0.0,0.0,6.393828677727375,C,34.31372549019607,12.437984606966126,0.8899999801069498,0.9654637,21.81898028236858,69.93014150383705,80.87000221572816,12.602260250156595,1,18.81898028236858,116.3772263409492,43.4728680339129,32.53300732202179
Ship_C_Chem,2024-02-04,False,11.644032735221328,0,Indeterminate_or_Learning,0.0,22.0,18.90741137487484,0.0,18.90741137487484,58.87767902136025,0.0,58.87767902136025,0.0,0.0,4.552489900422606,B,34.31372549019607,14.124249149651789,1.0799999758601189,0.5904618,17.374749831835825,48.27868732487249,69.99000245891511,11.975066536481876,1,14.374749831835825,109.66713246210662,34.84190158391823,13.130586449875608
Ship_C_Chem,2024-02-05,False,13.085119003323385,1,Indeterminate_or_Learning,0.0,22.0,26.72585742289425,0.0,26.72585742289425,83.2243200148927,0.0,83.2243200148927,0.0,0.0,5.962705576265857,C,34.31372549019607,12.711054708277551,0.6599999852478504,0.6213325,24.414326405740336,41.355916595457614,104.11000169627368,12.923588894959932,1,21.414326405740336,119.95923866344916,69.38849519677507,6.634410095958998
Ship_C_Chem,2024-02-06,False,13.540760565674775,0,Indeterminate_or_Learning,0.0,22.0,29.4754695408803,0.0,29.4754695408803,91.78661215030125,0.0,91.78661215030125,0.0,0.0,6.295378062434928,C,34.31372549019607,7.869538483044352,0.6299999859184027,0.101963185,23.695314245908964,35.673369141638176,182.32999994792044,13.5,1,20.695314245908964,120.17383824176918,146.4961076215218,0.1605231847604784
Ship_C_Chem,2024-02-13,False,13.453798325726227,0,Indeterminate_or_Learning,0.0,22.0,28.788229395382047,0.0,28.788229395382047,89.64654633721969,0.0,89.64654633721969,0.0,0.0,6.173414874865381,C,34.31372549019607,9.577214590093998,0.8399999812245369,0.2434327,23.356321021203527,77.7963634847354,78.62000226601958,13.44572867786755,1,20.356321021203527,119.42560298242068,138.0521114583793,138.8757502396635
Ship_C_Chem,2024-02-14,False,13.217915160372662,0,Indeterminate_or_Learning,0.0,22.0,27.00320185975206,0.0,27.00320185975206,84.08797059126792,0.0,84.08797059126792,0.0,0.0,5.860179000320282,C,34.31372549019607,14.401069462358617,1.1299999747425318,0.2693297,23.65173778002567,66.71764378651028,77.30000229552388,13.286152526176496,1,20.65173778002567,120.3331562504546,137.60588544678728,148.18824395580089
Ship_C_Chem,2024-02-15,True,13.740860943187434,1,Indeterminate_or_Learning,0.0331098809838295,22.0,22.584511955990514,0.7477705029407202,23.332282458931235,70.32817023095446,2.3285573461574027,72.65672757711187,0.7477705029407202,2.3285573461574027,11.212457959430845,E,34.31372549019607,17.09233680277072,1.5899999644607306,0.47094202,24.82790581000347,54.01780859235453,72.78000239655375,13.5,0,21.82790581000347,120.23129564642696,144.20856498967115,162.97075879387037
Ship_C_Chem,2024-02-16,True,13.112166618180314,1,Indeterminate_or_Learning,0.0331098809838295,22.0,18.904757491739907,0.6259342705796674,19.530691762319574,58.86941482927807,1.9491593185850844,60.81857414786315,1.3737047735203878,4.277716664742487,9.385582430225794,E,34.31372549019607,14.739609793178529,1.699999962002039,1.0695558,24.132050911031666,46.73570458892837,59.5500026922673,13.5,0,21.132050911031666,119.1370966356047,157.73311123214845,170.54740933548737
Ship_C_Chem,2024-02-17,True,12.977542855016656,1,Indeterminate_or_Learning,0.0331098809838295,22.0,18.47251665025332,0.6116228277616962,19.084139478015015,57.52341684888883,1.9045934856499218,59.428010334538754,1.985327601282084,6.182310150392409,9.170989249157216,E,34.31372549019607,12.484622346442109,1.169999973848462,0.60615534,22.439338333815726,22.339463698000685,46.88000297546387,13.5,1,19.439338333815726,117.42203260851724,167.4848285841609,167.9746321383759
Ship_C_Chem,2024-02-18,True,13.217232069138516,1,Indeterminate_or_Learning,0.0331098809838295,22.0,21.356106255712568,0.7070981364046598,22.06320439211723,66.50291488028894,2.2019035967641103,68.70481847705305,2.6924257376867438,8.384213747156519,10.602595443989667,E,34.31372549019607,10.474518262297106,1.0099999774247408,0.41132286,24.290009112926395,318.4682292589172,57.720002733170986,13.5,1,21.290009112926395,120.59705470152367,159.70215975089806,101.04606677484811
Ship_C_Chem,2024-02-19,True,13.248285237583827,1,Indeterminate_or_Learning,0.0331098809838295,22.0,21.90205395562449,0.7251743997721389,22.62722835539663,68.20299601781466,2.2581930808904405,70.46118909870509,3.4176001374588827,10.64240682804696,10.873640293010046,E,34.31372549019607,10.2896672666826,0.8699999805539846,0.29083323,24.46089136808377,298.7462099557357,287.0099976081401,13.5,1,21.46089136808377,119.50941723443016,73.13041550046864,84.86662784806424
Ship_C_Chem,2024-02-20,True,12.988746993093466,1,Indeterminate_or_Learning,0.0331098809838295,22.0,21.70722773305172,0.7187237267302254,22.425951459781945,67.59630716072306,2.238105685037922,69.83441284576098,4.136323864189108,12.88051251308488,10.776915562617436,E,34.31372549019607,11.194565974308926,1.269999971613288,0.881903,22.42619518471788,296.2387158478242,197.7899996023625,13.5,0,19.42619518471788,116.18163556968696,18.85422291763157,79.59449332783012
Ship_C_Chem,2024-02-21,True,13.425232820587754,0,Indeterminate_or_Learning,0.0331098809838295,22.0,26.67004352018301,0.8830419667868126,27.553085486969824,83.05051552184989,2.749792684574134,85.80030820642403,5.019365830975921,15.630305197659016,13.330559992064657,E,34.31372549019607,17.188503873921615,1.7099999617785215,0.6985445,23.08380628550942,154.8313897189806,152.58000061288476,13.409087255383302,0,20.08380628550942,117.43577489651108,57.91700468636285,55.665615580267
Ship_C_Chem,2024-02-29,True,13.22930361905701,0,Indeterminate_or_Learning,0.0331098809838295,22.0,19.11857930954016,0.6330138855187798,19.751593195058938,59.53525596990805,1.9712052395054802,61.50646120941353,5.652379716494701,17.601510437164496,9.491737840958878,E,34.31372549019607,23.385353198057224,3.179999928921461,0.50307333,23.974640505872827,171.2841870848086,162.85000038333237,13.5,0,20.974640505872827,119.2906604371946,156.77184384293622,165.20603054441244
Ship_C_Chem,2024-03-01,False,13.2524978575102,0,Indeterminate_or_Learning,0.0331098809838295,22.0,26.793269626036988,0.8871219684857385,27.680391594522728,83.43424161547918,2.76249780986459,86.19673942534378,6.539501684980439,20.364008247029087,6.18182420030096,C,34.31372549019607,9.61917073801337,2.12999995239079,0.6585452,24.226398497705794,186.2215125104344,190.18999977223567,12.910719098146078,0,21.226398497705794,119.58477779672172,155.48150663696418,151.51301937516283
Ship_C_Chem,2024-03-02,False,13.884094363821752,0,Indeterminate_or_Learning,0.0331098809838295,22.0,31.74520970634436,1.0510801151837708,32.796289821528134,98.85458302555634,3.273063478682262,102.12764650423861,7.59058180016421,23.637071725711348,7.004639677931317,D,34.31372549019607,4.594448819799204,1.0399999767541883,0.5049549,23.830752332649965,52.98011374516853,201.76999951340252,13.5,1,20.830752332649965,120.26125705263289,166.50769985511357,17.717814086879514
Ship_C_Chem,2024-03-03,False,12.56493726955361,1,Indeterminate_or_Learning,0.0331098809838295,22.0,22.1989628244663,0.7350050170825347,22.933967841548835,69.12757023538805,2.288805623195013,71.41637585858307,8.325586817246744,25.92587734890636,5.350178682984016,C,34.31372549019607,2.245154033725455,0.9999999776482582,0.2854945,21.007600007157247,249.62356478616363,136.68000096827743,12.359638408609394,1,18.007600007157247,115.38517514397272,99.7394737762868,147.31696240582704
Ship_C_Chem,2024-03-04,False,13.14738988148916,0,Indeterminate_or_Learning,0.0331098809838295,22.0,27.922744588505857,0.9245187500672981,28.847263338573157,86.95142664860724,2.878951387709566,89.8303780363168,9.250105567314042,28.804828736615928,6.565545375651332,D,34.31372549019607,12.45753695879326,1.1299999747425318,0.6367656,21.79839225069568,57.28138762057766,85.60000211000443,12.668601190087902,1,18.79839225069568,117.74802333391688,49.53985777016442,21.221243280737653
Ship_C_Chem,2024-03-05,False,13.172171032818888,0,Indeterminate_or_Learning,0.0331098809838295,22.0,28.263399674109703,0.9357977994081776,29.19919747351788,88.01222658517761,2.914074347357065,90.92630093253467,10.18590336672222,31.718903083972993,6.496873278369792,C,34.31372549019607,10.86680280524504,1.1199999749660492,1.5820407,24.6550992055624,115.0998845213046,81.51000220142305,12.95869809594038,1,21.6550992055624,120.32522504626807,44.595493531746456,78.185375851628
Ship_C_Chem,2024-03-06,False,12.099152940231257,1,Indeterminate_or_Learning,0.0331098809838295,22.0,19.99007236367668,0.6618689168194741,20.651941280496157,62.24908534048918,2.0610598069758423,64.31014514746504,10.847772283541694,33.77996289094884,4.8244154530152965,B,34.31372549019607,10.223759195096257,1.2299999725073576,0.33042124,22.085119379503737,39.43165816073281,93.4200019352138,12.342724475538333,1,19.085119379503737,115.16965585529572,57.03379749224376,3.0454537177627685
Ship_C_Chem,2024-03-07,False,13.226562059739368,0,Indeterminate_or_Learning,0.0331098809838295,22.0,28.118423238968443,0.9309976468951907,29.049420885863633,87.56076996614773,2.8991266724316236,90.45989663857935,11.778769930436885,36.67908956338046,6.478064772555399,C,34.31372549019607,12.740515784630404,0.9699999783188104,0.8415796,23.28690606888096,58.83531493264873,145.11000077985227,12.929658238227171,1,20.28690606888096,120.52597380886148,111.163550193062,24.888864345858465
Ship_C_Chem,2024-03-08,False,13.34896832750738,0,Indeterminate_or_Learning,0.0331098809838295,22.0,28.540500767768496,0.9449725836397093,29.485473351408206,88.87511939083109,2.9426446254540544,91.81776401628515,12.723742514076594,39.62173418883451,6.297514678757555,C,34.31372549019607,10.074063509935398,0.9899999778717756,0.20758693,23.7452445699038,55.45625059223087,145.8200007639825,13.5,1,20.7452445699038,119.5009696863428,114.82682007425694,24.46306990250528
Ship_C_Chem,2024-03-09,False,13.192094124327369,0,Indeterminate_or_Learning,0.0331098809838295,22.0,27.115888881631577,0.897803853641567,28.013692735273143,84.43887797740072,2.7957612002398395,87.23463917764056,13.621546367718162,42.417495389074354,6.209302910795532,C,34.31372549019607,9.230061950983648,0.92999997921288,0.31717247,23.46173537245496,29.96091606987125,111.67000152729452,13.008354595318384,1,20.46173537245496,119.80801436402382,70.34654099774315,11.362544459680125
Ship_C_Chem,2024-03-16,True,13.334909248355215,1,Indeterminate_or_Learning,0.0331098809838295,22.0,20.763310220147133,0.6874707302194022,21.450780950366536,64.65694802553817,2.1407838539032182,66.79773187944139,14.309017097937563,44.55827924297757,10.308291956703918,E,34.31372549019607,7.843172143731613,0.8299999814480543,0.7794917,24.244672168518125,47.94644738001233,95.25000189431012,13.5,1,21.244672168518125,120.44382771293692,121.13597512739032,168.4395296416881
Ship_C_Chem,2024-03-17,True,13.547857724615428,1,Indeterminate_or_Learning,0.0331098809838295,22.0,22.398561112795413,0.7416136926536877,23.1401748054491,69.74911930524492,2.3093850389235833,72.0585043441685,15.050630790591251,46.867664281901156,11.387373671971336,E,34.31372549019607,6.849552647476692,0.8099999818950891,0.8609236,21.45224824694832,87.27368900609372,126.73000119067729,13.183187658086446,1,18.45224824694832,116.16480102653968,90.74123207894854,130.1975442635321
Ship_C_Chem,2024-03-18,True,12.988829780460083,1,Indeterminate_or_Learning,0.033785875886678696,22.0,19.240629042017368,0.6500615047952244,19.890690546812593,59.91531883684208,2.0242915259323286,61.93961036277441,15.700692295386476,48.89195580783348,9.558581846107161,E,34.31372549019607,8.505519666813955,0.8699999805539846,1.0461489,23.428745585763632,73.73430876680649,139.1300009135157,13.5,1,20.428745585763632,1196.1790606850072,77.03481692273135,142.43050906944055
Ship_C_Chem,2024-03-19,True,12.962339135274078,1,Indeterminate_or_Learning,0.033785875886678696,22.0,18.72141461109259,0.6325193904734274,19.353934001566017,58.29848509894233,1.969665381934253,60.26815048087658,16.333211685859904,50.86162118976773,9.300640506308115,E,34.31372549019607,6.499068649605663,0.92999997921288,0.95246625,23.936659957706368,47.15868588086204,144.08000080287457,13.5,1,20.936659957706368,120.1150353795957,71.3196566338271,168.24097155583962
Ship_C_Chem,2024-03-20,True,14.411478091278752,0,Indeterminate_or_Learning,0.033785875886678696,22.0,29.494211968118577,0.9964877849302476,30.490699753048826,91.84497606872125,3.1030629622727908,94.94803903099404,17.32969947079015,53.964684152040526,14.65247515910402,E,34.31372549019607,12.434761728160854,1.1199999749660492,1.140876,24.07417244483697,309.8175853046102,142.61000083573165,13.5,1,21.07417244483697,120.2488715445457,72.4909113972914,94.71667307158717
Ship_C_Chem,2024-03-21,True,12.702473129988205,1,Indeterminate_or_Learning,0.033785875886678696,22.0,18.97758997014425,0.6411744993595722,19.618764469503823,59.09621516702919,1.9966173910057077,61.0928325580349,17.97087397014972,55.96130154304623,9.427906258956003,E,34.31372549019607,10.461174248578784,0.7699999827891588,1.0717746,25.04672604514927,136.89338584574625,127.36000117659567,13.5,1,22.04672604514927,120.33296212602724,88.21794342852147,78.6845587593709
Ship_C_Chem,2024-03-22,True,13.313654801719368,0,Indeterminate_or_Learning,0.033785875886678696,22.0,24.55343953607816,0.8295594607570064,25.382998996835166,76.45941071534739,2.583248160797318,79.0426588761447,18.80043343090673,58.54454970384355,12.452845923124569,E,34.31372549019607,16.805662662449215,1.3999999687075615,0.14262055,22.136044022873843,152.65863075680073,185.06999988667667,13.223660439432296,0,19.136044022873843,115.9631832145199,30.17875361863551,62.59012274851145
Ship_C_Chem,2024-03-23,True,12.676194783148048,1,Indeterminate_or_Learning,0.033785875886678696,22.0,19.232478543741,0.6497861330720445,19.882264676813044,59.889938185209466,2.023434018386346,61.91337220359582,19.450219563978774,60.5679837222299,9.691331385103688,E,34.31372549019607,12.021329476838943,2.659999940544367,0.78829753,21.83737837406782,165.68128168260242,160.41000043787062,13.30943984529166,0,18.83737837406782,117.82593031867084,53.89439440579744,48.623113161065646
Ship_C_Chem,2024-03-24,True,12.207621457128624,0,Indeterminate_or_Learning,0.033785875886678696,22.0,17.485904558978678,0.5907766011959628,18.07668116017464,54.4511067966596,1.839678336124228,56.29078513278383,20.040996165174736,62.40766205835413,8.937212457094912,E,34.31372549019607,15.325123042863884,3.569999920204282,1.0471615,21.777457135136903,104.70094070497774,130.5700011048466,13.12181729925586,0,18.777457135136903,115.2714385147144,84.83155624071694,110.7006166405858
